,read_inputs_U0,,status1.csv
,decimate_pfb_U0,,status2.csv
,fft_U0,,status3.csv
fft_U0,unpack_U0,,status4.csv
fft_U0,fft_Block_entry13_proc1_U0,,status5.csv
fft_U0,fft_config1_1_U0,,status6.csv
fft_U0.fft_config1_1_U0,fft_syn_config1_U0,,status7.csv
fft_U0,fft_config1_2_U0,,status8.csv
fft_U0.fft_config1_2_U0,fft_syn_config1_4_U0,,status9.csv
fft_U0,fft_config1_3_U0,,status10.csv
fft_U0.fft_config1_3_U0,fft_syn_config1_5_U0,,status11.csv
fft_U0,fft_config1_U0,,status12.csv
fft_U0.fft_config1_U0,fft_syn_config1_6_U0,,status13.csv
fft_U0,repack_U0,,status14.csv
fft_U0,fft_Block_entry19_proc2_U0,,status15.csv
,write_outputs_U0,,status16.csv
,AESL_inst_pfb_multichannel,,module_status1.csv
